year,region,"disaster type",occurrence,"Total deaths",Affected,Injured,Homeless,"Total affected","Total damage"
1900,Caribbean,Epidemic,1,30,0,0,0,0,0
1900,Caribbean,Flood,1,300,0,0,0,0,0
1900,"Northern America",Storm,1,6000,0,0,0,0,30000
1902,Caribbean,"Volcanic activity",2,31565,0,0,0,0,0
1902,"Central America",Earthquake,2,2185,0,0,0,0,0
1902,"Central America","Volcanic activity",2,7000,0,0,0,0,0
1903,Caribbean,Storm,1,65,0,0,0,0,0
1903,"Northern America",Flood,2,250,0,0,0,0,480000
1903,"Northern America","Mass movement (dry)",1,76,0,23,0,23,0
1903,"Northern America",Storm,1,98,0,0,0,0,0
1904,"South America",Earthquake,1,0,0,0,0,0,0
1905,"Northern America","Mass movement (dry)",1,18,0,18,0,18,0
1906,"Central America",Earthquake,2,1000,0,0,0,0,0
1906,"Northern America",Earthquake,1,2000,0,0,0,0,524000
1906,"Northern America",Storm,2,298,0,0,0,0,0
1906,"South America",Earthquake,3,20400,0,0,0,0,100000
1907,Caribbean,Earthquake,1,1200,90000,0,0,90000,30000
1908,"Northern America","Mass movement (dry)",1,33,0,0,0,0,0
1909,Caribbean,Landslide,1,53,0,0,0,0,0
1909,Caribbean,Storm,1,150,0,0,0,0,0
1909,"Northern America",Flood,1,72,0,0,0,0,0
1909,"Northern America",Storm,2,391,0,0,0,0,0
1910,"Central America",Earthquake,1,1750,0,0,0,0,0
1910,"Northern America","Mass movement (dry)",1,62,0,0,0,0,0
1910,"Northern America",Storm,1,30,0,0,0,0,0
1911,"Northern America",Wildfire,1,73,0,0,200,200,0
1912,Caribbean,Storm,1,142,0,0,94820,94820,0
1912,"Northern America",Storm,1,28,0,200,2500,2700,5000
1913,"Northern America",Storm,1,732,0,0,0,0,200000
1913,"South America",Earthquake,1,150,0,0,0,0,0
1915,Caribbean,Storm,1,1600,0,0,0,0,0
1915,"Central America",Earthquake,1,0,0,0,0,0,0
1915,"Northern America",Earthquake,1,6,0,0,0,0,1000
1915,"Northern America","Mass movement (dry)",1,56,0,22,0,22,0
1915,"Northern America",Storm,1,525,0,0,0,0,60000
1917,Caribbean,Storm,1,57,0,0,0,0,0
1917,"Central America",Earthquake,1,2650,0,0,0,0,0
1918,Caribbean,Earthquake,1,116,0,0,0,0,0
1918,"Northern America",Earthquake,1,116,0,0,0,0,29000
1918,"Northern America",Epidemic,1,50000,2000000,0,0,2000000,0
1918,"Northern America",Storm,1,34,0,0,0,0,0
1918,"Northern America",Wildfire,1,1000,0,0,0,0,100000
1919,Caribbean,Drought,1,0,0,0,0,0,0
1919,Caribbean,Epidemic,1,0,0,0,0,0,0
1919,"Northern America",Storm,1,500,0,0,0,0,25000
1920,Caribbean,Epidemic,1,0,0,0,0,0,0
1920,"Northern America",Storm,1,224,0,0,0,0,0
1921,Caribbean,Epidemic,1,0,0,0,0,0,0
1922,Caribbean,Epidemic,1,0,0,0,0,0,0
1922,"Northern America",Wildfire,1,43,0,0,11000,11000,8000
1922,"South America",Earthquake,2,1100,0,0,0,0,0
1923,Caribbean,Epidemic,1,0,0,0,0,0,0
1923,Caribbean,Storm,1,4,0,0,1300,1300,0
1924,"South America",Earthquake,1,40,0,0,0,0,0
1925,"Northern America",Earthquake,1,13,0,0,0,0,8000
1925,"Northern America",Storm,1,739,0,0,0,0,18000
1926,Caribbean,Storm,2,600,0,0,0,0,0
1926,"Northern America",Storm,2,268,0,0,0,0,73000
1926,"South America",Landslide,1,100,0,0,0,0,0
1927,"Northern America",Flood,1,246,0,0,0,0,230
1927,"Northern America",Storm,1,87,0,0,0,0,22000
1928,Caribbean,Storm,4,2300,0,0,0,0,50000
1928,"Northern America",Earthquake,1,27,0,0,0,0,0
1928,"Northern America",Storm,1,1836,0,0,0,0,25000
1928,"South America",Earthquake,1,220,0,0,0,0,0
1929,Caribbean,Storm,1,0,0,0,0,0,0
1929,"Central America","Volcanic activity",1,5000,0,0,0,0,0
1929,"Central America",Wildfire,1,60,0,0,0,0,0
1930,Caribbean,Storm,2,4000,6000,6000,0,12000,40000
1931,"Central America",Earthquake,1,1000,0,0,0,0,15000
1931,"Central America",Storm,2,3000,0,0,0,0,7500
1931,"Northern America",Drought,1,0,25000,0,0,25000,0
1931,"South America",Landslide,1,190,0,0,0,0,0
1932,Caribbean,Epidemic,1,16,0,0,0,0,0
1932,Caribbean,Storm,2,2725,0,0,0,0,30000
1932,"Northern America",Storm,2,372,0,0,0,0,0
1933,Caribbean,Flood,1,53,0,0,0,0,0
1933,Caribbean,Storm,2,23,0,0,0,0,3000
1933,"Northern America",Drought,1,0,0,0,0,0,0
1933,"Northern America",Earthquake,1,116,0,0,0,0,38500
1933,"Northern America",Storm,1,40,0,0,0,0,0
1934,"Central America",Storm,1,2000,0,0,0,0,0
1935,Caribbean,Storm,4,2199,0,500,0,500,2000
1935,"Northern America",Storm,1,408,0,0,0,0,6000
1936,"Northern America","Extreme temperature ",2,1693,0,0,0,0,0
1936,"Northern America",Flood,1,200,0,0,0,0,0
1936,"Northern America",Storm,1,455,0,0,0,0,21000
1937,Caribbean,Flood,1,111,0,0,0,0,0
1937,Caribbean,"Mass movement (dry)",1,40,0,0,0,0,0
1937,"Northern America",Flood,1,137,0,0,0,0,438000
1938,"Northern America",Landslide,1,200,0,0,0,0,0
1938,"Northern America",Storm,1,600,0,0,0,0,306000
1939,"South America",Earthquake,1,30000,0,58500,0,58500,920000
1940,Caribbean,Flood,1,125,0,0,2000,2000,0
1940,"Northern America",Earthquake,1,9,0,0,0,0,33000
1940,"Northern America",Storm,1,50,0,0,0,0,0
1940,"South America",Earthquake,1,249,0,0,0,0,0
1941,"Central America",Earthquake,1,174,0,0,0,0,0
1941,"South America",Landslide,1,5000,0,0,0,0,0
1942,"South America",Earthquake,2,205,0,16,0,16,28000
1943,"Central America","Volcanic activity",1,0,3000,0,0,3000,0
1943,"Northern America",Flood,1,0,0,0,0,0,900000
1943,"South America",Earthquake,2,212,0,35,0,35,100000
1944,Caribbean,Storm,2,32,0,0,2000,2000,0
1944,"Northern America",Storm,1,390,0,0,0,0,100000
1944,"Northern America",Wildfire,1,121,0,0,0,0,0
1944,"South America",Earthquake,1,10000,120000,35000,0,155000,0
1945,Caribbean,Storm,1,22,0,0,0,0,0
1945,"Northern America",Storm,3,196,0,0,0,0,0
1946,Caribbean,Earthquake,1,73,0,0,0,0,0
1946,"Northern America",Earthquake,1,165,0,0,0,0,25000
1946,"Northern America",Storm,2,50,0,0,0,0,500
1946,"South America",Earthquake,2,1400,0,0,0,0,0
1947,"Northern America",Storm,4,308,0,0,0,0,100000
1947,"Northern America",Wildfire,1,0,0,0,0,0,30000
1947,"South America",Earthquake,1,233,0,0,0,0,0
1948,Caribbean,Storm,2,14,0,300,0,300,18000
1948,"Northern America",Flood,1,55,0,0,0,0,0
1948,"Northern America",Storm,2,42,0,0,0,0,0
1948,"South America",Flood,1,200,0,0,0,0,0
1948,"South America","Volcanic activity",1,100,0,0,0,0,0
1949,"Central America",Flood,1,40000,0,0,0,0,15000
1949,"Central America","Volcanic activity",1,1000,0,0,0,0,0
1949,"Northern America",Earthquake,1,8,0,0,0,0,80000
1949,"Northern America",Storm,2,87,0,0,0,0,0
1949,"South America",Earthquake,4,6041,105000,173,0,105173,64200
1949,"South America",Storm,1,100,0,0,0,0,0
1949,"South America","Volcanic activity",1,1000,0,0,0,0,0
1950,Caribbean,Storm,1,2,0,0,0,0,1000
1950,"Northern America",Flood,2,34,107000,0,0,107000,100000
1950,"Northern America",Storm,4,272,0,0,0,0,100000
1950,"South America",Earthquake,3,333,0,200,40000,40200,0
1950,"South America",Flood,1,50,0,0,0,0,0
1950,"South America",Landslide,1,130,0,0,0,0,0
1951,Caribbean,Storm,1,154,20000,200,0,20200,56000
1951,"Central America",Earthquake,2,1500,0,0,0,0,23000
1951,"Central America",Storm,1,50,0,0,0,0,0
1951,"Northern America","Extreme temperature ",2,69,0,0,0,0,100000
1951,"Northern America",Flood,1,41,0,0,0,0,1029000
1952,Caribbean,Earthquake,1,6,0,0,0,0,20000
1952,"Central America",Flood,2,140,0,0,0,0,0
1952,"Northern America",Earthquake,3,16,0,0,0,0,80900
1952,"Northern America",Storm,2,279,0,0,0,0,0
1953,"Northern America",Epidemic,1,481,8000,0,0,8000,0
1953,"Northern America",Storm,6,468,0,0,0,0,52000
1953,"South America",Earthquake,3,22,0,55,0,55,507310
1953,"South America",Flood,1,71,0,0,0,0,0
1954,Caribbean,Landslide,1,262,0,0,0,0,0
1954,Caribbean,Storm,2,410,250000,0,0,250000,0
1954,"Central America",Landslide,1,100,0,0,0,0,0
1954,"Northern America",Storm,4,306,0,0,0,0,831000
1954,"South America",Landslide,2,187,0,0,0,0,0
1955,Caribbean,Storm,4,179,0,0,0,0,0
1955,"Central America",Storm,3,816,0,0,0,0,45000
1955,"Northern America","Extreme temperature ",1,107,0,0,0,0,0
1955,"Northern America",Flood,1,74,0,0,0,0,0
1955,"Northern America","Mass movement (dry)",1,3,0,6,2000,2006,0
1955,"Northern America",Storm,4,365,0,0,0,0,832000
1956,Caribbean,Storm,1,0,0,0,0,0,0
1956,"Northern America",Storm,3,232,0,0,0,0,0
1956,"Northern America",Wildfire,1,11,0,0,0,0,0
1956,"South America",Landslide,2,66,0,0,0,0,0
1957,"Central America",Earthquake,1,160,0,29,0,29,25000
1957,"Northern America",Storm,3,469,0,0,0,0,150000
1957,"South America",Flood,1,112,0,0,0,0,0
1958,"Northern America","Extreme temperature ",1,0,0,0,0,0,520000
1958,"Northern America",Storm,3,139,0,0,0,0,0
1958,"South America",Earthquake,2,28,0,35,0,35,10100
1958,"South America",Flood,1,360,0,0,0,0,0
1959,Caribbean,Flood,1,50,0,0,0,0,0
1959,"Central America",Earthquake,1,28,0,0,0,0,0
1959,"Central America",Flood,1,2000,0,0,0,0,0
1959,"Central America",Storm,1,960,0,0,0,0,20000
1959,"Northern America",Earthquake,1,28,0,0,0,0,26000
1959,"Northern America",Storm,2,77,0,0,0,0,0
1959,"South America",Flood,2,284,0,0,0,0,0
1959,"South America",Storm,1,59,0,0,0,0,0
1960,Caribbean,Storm,6,7,0,250,1000,1250,35000
1960,"Central America",Flood,1,325,0,0,0,0,0
1960,"Northern America",Earthquake,1,61,0,0,0,0,0
1960,"Northern America",Storm,1,50,0,0,0,0,387000
1960,"South America",Earthquake,3,6627,2000000,3000,0,2003000,550000
1961,"Central America",Storm,3,986,0,0,0,0,60000
1961,"Northern America",Drought,1,0,0,0,0,0,0
1961,"Northern America",Storm,2,146,0,0,0,0,408000
1962,Caribbean,Flood,1,26,0,0,0,0,0
1962,"Central America","Extreme temperature ",1,50,0,0,0,0,0
1962,"Northern America",Storm,4,191,0,0,0,0,350000
1962,"South America",Earthquake,1,112,0,0,0,0,0
1962,"South America",Flood,1,135,0,0,0,0,0
1962,"South America",Landslide,2,71,0,0,0,0,0
1962,"South America","Mass movement (dry)",1,2000,0,0,0,0,200000
1962,"South America",Storm,1,60,0,0,0,0,0
1963,Caribbean,Epidemic,1,0,2724,0,0,2724,0
1963,Caribbean,Flood,1,500,0,0,0,0,0
1963,Caribbean,Storm,10,7211,0,0,0,0,829090
1963,"Central America","Volcanic activity",1,15,5000,200,0,5200,0
1963,"Northern America","Extreme temperature ",1,150,0,0,0,0,0
1963,"Northern America",Storm,2,229,0,0,0,0,0
1963,"South America",Drought,1,0,13400,0,0,13400,0
1963,"South America",Earthquake,1,280,0,460,0,460,235000
1964,Caribbean,Storm,4,121,90000,100,0,90100,11000
1964,"Central America",Earthquake,1,45,4000,0,0,4000,3000
1964,"Central America",Epidemic,1,0,1200,0,0,1200,0
1964,"Central America",Storm,1,1,500,18,0,518,300
1964,"Northern America",Earthquake,1,131,0,0,0,0,1020000
1964,"Northern America",Flood,2,109,0,0,0,0,820000
1964,"Northern America",Storm,3,183,0,0,0,0,250000
1964,"South America",Drought,1,0,600000,0,0,600000,0
1964,"South America",Flood,3,100,120000,0,0,120000,500
1964,"South America","Volcanic activity",1,4,2000,0,0,2000,0
1965,Caribbean,Storm,1,0,1200,0,0,1200,700
1965,Caribbean,Wildfire,1,0,0,0,0,0,1000
1965,"Central America",Drought,1,0,100000,0,0,100000,0
1965,"Central America",Earthquake,1,125,90582,1138,48000,139720,35000
1965,"Central America",Epidemic,1,7,170,0,0,170,0
1965,"Central America",Flood,2,27,6000,0,0,6000,8500
1965,"Northern America",Earthquake,1,7,0,0,0,0,28000
1965,"Northern America","Mass movement (dry)",1,26,0,22,0,22,0
1965,"Northern America",Storm,2,570,0,1000,0,1000,1610000
1965,"South America",Earthquake,1,400,20000,350,0,20350,125000
1965,"South America",Flood,7,728,655500,0,65000,720500,33100
1965,"South America",Landslide,3,103,0,0,0,0,0
1965,"South America",Storm,1,58,0,0,0,0,0
1966,Caribbean,Storm,7,589,240000,1356,23500,264856,128500
1966,"Central America",Flood,1,20,1600,0,1000,2600,1000
1966,"Central America",Storm,1,14,80000,69,10000,90069,24000
1966,"Northern America","Extreme temperature ",2,262,0,0,0,0,0
1966,"Northern America",Storm,5,290,0,0,0,0,100000
1966,"South America",Drought,1,0,156000,0,0,156000,0
1966,"South America",Earthquake,2,124,60600,1506,49256,111362,15400
1966,"South America",Flood,7,636,308371,1757,31500,341628,92532
1966,"South America",Landslide,2,400,4000000,0,0,4000000,27
1966,"South America",Storm,1,36,0,0,0,0,0
1967,Caribbean,Storm,3,17,1000,0,0,1000,7500
1967,"Central America",Epidemic,1,53,444,0,0,444,0
1967,"Central America",Flood,1,0,8345,0,0,8345,500
1967,"Central America",Storm,2,111,271000,0,0,271000,184000
1967,"Northern America",Storm,5,275,0,0,0,0,200000
1967,"South America",Earthquake,2,301,120000,1736,0,121736,50600
1967,"South America",Epidemic,1,36,528,0,0,528,0
1967,"South America",Flood,9,909,435899,1707,95800,533406,76526
1967,"South America",Landslide,1,436,0,0,0,0,0
1968,Caribbean,Drought,3,0,550217,0,0,550217,6500
1968,Caribbean,Storm,1,0,0,0,0,0,0
1968,"Central America",Earthquake,2,15,2000,500,0,2500,2000
1968,"Central America","Extreme temperature ",1,40,0,0,0,0,0
1968,"Central America",Flood,1,0,1300,0,260,1560,1500
1968,"Central America","Volcanic activity",1,87,12391,0,3280,15671,5000
1968,"Northern America",Storm,3,159,458,0,0,458,8000
1968,"South America",Drought,1,0,120000,0,0,120000,55000
1968,"South America",Earthquake,1,11,300,120,0,420,100
1968,"South America","Extreme temperature ",1,113,0,0,0,0,0
1968,"South America",Flood,1,24,20000,200,6000,26200,3000
1968,"South America",Storm,2,0,1020,0,63,1083,50
1969,"Central America",Epidemic,4,16,27,0,0,27,7
1969,"Central America",Flood,1,7,4580,23,0,4603,4000
1969,"Central America",Landslide,1,18,0,0,0,0,0
1969,"Central America",Storm,4,329,22800,42,0,22842,35600
1969,"Northern America",Flood,1,115,0,0,0,0,400000
1969,"Northern America",Storm,6,715,0,0,0,0,1420000
1969,"South America",Drought,1,0,128604,0,0,128604,10000
1969,"South America",Earthquake,1,150,3000,216,0,3216,5000
1969,"South America",Epidemic,3,418,40077,0,0,40077,0
1969,"South America",Flood,3,316,92300,3221,17384,112905,6320
1970,Caribbean,Flood,2,63,200,10,0,210,500
1970,Caribbean,Storm,4,65,5000,0,0,5000,31000
1970,"Central America",Flood,5,107,59045,540,0,59585,45000
1970,"Northern America",Storm,3,47,0,0,0,0,597000
1970,"Northern America",Wildfire,1,0,0,0,0,0,100000
1970,"South America",Drought,1,0,10000000,0,0,10000000,100
1970,"South America",Earthquake,5,67282,3150909,143709,27992,3322610,536400
1970,"South America",Flood,8,638,5389971,50,110000,5500021,215570
1971,Caribbean,"Volcanic activity",1,0,2000,0,0,2000,0
1971,"Central America",Storm,3,52,2800,50,1800,4650,380
1971,"Central America","Volcanic activity",1,0,3000,0,600,3600,2000
1971,"Northern America",Earthquake,1,65,0,1000,0,1000,535000
1971,"Northern America","Mass movement (dry)",1,31,0,0,1500,1500,0
1971,"Northern America",Storm,3,158,0,0,0,0,0
1971,"South America",Earthquake,1,85,2348522,451,0,2348973,236400
1971,"South America",Epidemic,1,1,0,0,0,0,0
1971,"South America",Flood,8,540,391400,2000,0,393400,6100
1971,"South America",Landslide,3,820,6,0,0,6,0
1971,"South America",Storm,1,0,90000,0,0,90000,2500
1972,Caribbean,Flood,1,78,40000,0,0,40000,959
1972,"Central America",Drought,1,0,300000,0,0,300000,7000
1972,"Central America",Earthquake,1,10000,400000,20000,300000,720000,845000
1972,"Central America",Flood,2,37,100300,70,0,100370,50
1972,"Northern America","Extreme temperature ",1,10,0,0,0,0,0
1972,"Northern America",Flood,1,237,3000,0,0,3000,120000
1972,"Northern America",Landslide,1,400,0,0,0,0,0
1972,"Northern America",Storm,2,256,0,0,0,0,2100000
1972,"South America",Earthquake,1,12,1500000,0,75000,1575000,20000
1972,"South America","Extreme temperature ",1,100,0,0,0,0,0
1972,"South America",Landslide,1,70,0,0,0,0,0
1973,Caribbean,Storm,1,6,2500,10,0,2510,1700
1973,"Central America",Drought,1,0,0,0,0,0,0
1973,"Central America",Earthquake,3,538,3563,98,84,3745,200
1973,"Central America",Flood,4,142,155000,27,0,155027,102500
1973,"Central America",Landslide,1,2800,0,0,0,0,0
1973,"Northern America","Extreme temperature ",1,22,0,0,0,0,0
1973,"Northern America",Flood,2,56,0,0,0,0,500000
1973,"Northern America",Storm,2,50,246,0,0,246,50000
1973,"South America",Flood,3,29,5000,172,30000,35172,16000
1973,"South America",Landslide,4,741,0,0,0,0,0
1973,"South America",Storm,1,60,0,300,0,300,0
1974,Caribbean,Drought,1,0,507000,0,0,507000,0
1974,Caribbean,Storm,1,2,50000,0,0,50000,5000
1974,"Central America",Storm,3,8013,670000,0,0,670000,544000
1974,"Northern America",Flood,2,0,0,0,0,0,89500
1974,"Northern America",Storm,2,352,0,0,0,0,1000000
1974,"South America",Earthquake,1,78,41260,2414,0,43674,10000
1974,"South America",Epidemic,1,1500,30000,0,0,30000,0
1974,"South America",Flood,3,268,383000,0,0,383000,141500
1974,"South America",Landslide,5,821,12000,1000,1500,14500,21700
1974,"South America",Storm,1,100,100000,0,0,100000,0
1975,Caribbean,Flood,1,0,0,0,0,0,4700
1975,Caribbean,Storm,1,26,0,0,0,0,0
1975,"Central America",Storm,1,29,0,0,0,0,0
1975,"Central America","Volcanic activity",1,2,0,0,0,0,0
1975,"Northern America",Storm,6,116,200,40,300,540,552500
1975,"South America",Epidemic,1,0,107,0,0,107,0
1975,"South America","Extreme temperature ",2,126,0,600,0,600,600000
1975,"South America",Flood,1,118,748000,0,80000,828000,254900
1975,"South America",Storm,1,20,0,0,0,0,0
1975,"South America","Volcanic activity",2,0,0,0,0,0,0
1976,Caribbean,Earthquake,1,1,0,8,0,8,0
1976,Caribbean,"Volcanic activity",1,0,75000,3,0,75003,0
1976,"Central America",Earthquake,1,23000,3750000,77000,1166000,4993000,1000000
1976,"Central America",Flood,2,36,23000,0,0,23000,0
1976,"Central America",Storm,2,720,475000,1400,100000,576400,100000
1976,"Central America","Volcanic activity",1,0,70000,0,0,70000,0
1976,"Central America",Wildfire,1,0,0,0,0,0,0
1976,"Northern America",Flood,2,139,0,0,0,0,61000
1976,"South America",Earthquake,2,20,0,0,20000,20000,4000
1976,"South America",Flood,1,47,0,0,0,0,0
1976,"South America",Landslide,2,73,0,16,0,16,0
1976,"South America","Volcanic activity",1,1,20000,0,5000,25000,0
1977,Caribbean,Drought,1,0,450000,0,0,450000,0
1977,Caribbean,Epidemic,1,0,0,0,0,0,0
1977,Caribbean,Flood,2,7,18000,0,0,18000,0
1977,"Central America",Storm,1,10,50000,0,0,50000,0
1977,"Northern America",Drought,1,0,0,0,0,0,3000000
1977,"Northern America","Extreme temperature ",1,0,0,0,0,0,2800000
1977,"Northern America",Flood,3,140,2700,0,0,2700,200000
1977,"Northern America",Storm,3,91,0,0,0,0,0
1977,"South America",Drought,2,0,0,0,0,0,0
1977,"South America",Earthquake,1,70,0,100,40000,40100,80000
1977,"South America",Epidemic,2,26,300,0,0,300,0
1977,"South America",Flood,7,93,154140,0,70300,224440,11000
1977,"South America",Landslide,1,0,0,0,100,100,0
1977,"South America",Storm,2,25,0,100,16800,16900,6800
1978,Caribbean,Epidemic,1,0,0,0,0,0,0
1978,Caribbean,Storm,1,6,100,70,0,170,0
1978,"Central America",Drought,1,0,0,0,0,0,0
1978,"Central America",Earthquake,1,9,3750,100,0,3850,0
1978,"Central America",Flood,2,25,9000,0,0,9000,24300
1978,"Central America",Storm,2,5,6000,0,7500,13500,7000
1978,"Northern America",Flood,1,27,0,0,0,0,0
1978,"Northern America",Storm,4,215,0,0,0,0,100000
1978,"South America",Drought,1,0,0,0,0,0,2300000
1978,"South America",Flood,6,72,188600,0,20000,208600,2000
1978,"South America",Storm,1,5,0,100,0,100,0
1979,Caribbean,Flood,3,76,201000,0,50000,251000,0
1979,Caribbean,Storm,7,1451,1295610,6103,350000,1651713,344650
1979,Caribbean,"Volcanic activity",1,2,20000,0,0,20000,0
1979,"Central America",Earthquake,2,5,9500,75,0,9575,30000
1979,"Central America",Flood,4,1,147000,0,0,147000,13000
1979,"Northern America",Flood,1,0,0,0,0,0,19000
1979,"Northern America",Storm,4,186,2000,160,0,2160,2863000
1979,"South America",Drought,1,0,5000000,0,0,5000000,0
1979,"South America",Earthquake,3,652,10000,2642,100,12742,28000
1979,"South America",Flood,4,362,1740000,0,72000,1812000,0
1979,"South America",Landslide,1,30,0,0,0,0,0
1980,Caribbean,Drought,1,0,103000,0,0,103000,0
1980,Caribbean,Storm,11,263,450000,16,850500,1300516,690090
1980,"Central America",Earthquake,3,69,6000,360,0,6360,0
1980,"Central America",Flood,4,105,141350,0,0,141350,87000
1980,"Northern America",Earthquake,1,0,0,2,0,2,0
1980,"Northern America","Extreme temperature ",1,1260,0,0,0,0,2000000
1980,"Northern America",Flood,3,36,111000,0,6000,117000,350000
1980,"Northern America",Storm,3,12,0,170,400,570,910000
1980,"Northern America","Volcanic activity",1,90,0,0,2500,2500,860000
1980,"Northern America",Wildfire,1,0,5000,0,0,5000,0
1980,"South America",Earthquake,3,15,3150,76,0,3226,0
1980,"South America",Flood,7,218,362000,50,0,362050,0
1980,"South America",Storm,1,15,0,48,0,48,0
1981,Caribbean,Drought,2,0,0,0,0,0,0
1981,Caribbean,Flood,1,20,150000,0,0,150000,0
1981,Caribbean,Landslide,1,26,0,0,0,0,0
1981,"Central America",Earthquake,1,3,0,28,0,28,0
1981,"Central America",Flood,1,0,0,0,0,0,0
1981,"Central America",Storm,1,100,0,0,0,0,40000
1981,"Northern America",Flood,1,30,0,0,0,0,0
1981,"Northern America",Storm,4,30,0,0,0,0,940000
1981,"South America",Earthquake,4,43,12156,115,0,12271,5000
1981,"South America",Flood,4,317,52000,300,5000,57300,11000
1981,"South America",Landslide,3,155,18000,0,0,18000,0
1982,Caribbean,Storm,1,24,105000,0,75000,180000,85000
1982,"Central America",Drought,1,0,0,0,0,0,0
1982,"Central America",Earthquake,4,49,30500,17,2500,33017,5000
1982,"Central America",Flood,4,1145,75000,18456,0,93456,494600
1982,"Central America",Storm,3,426,122000,0,0,122000,539400
1982,"Central America","Volcanic activity",1,100,25000,500,15000,40500,117000
1982,"Northern America","Extreme temperature ",1,0,200,0,0,200,0
1982,"Northern America",Flood,2,11,0,0,0,0,33900
1982,"Northern America",Storm,11,503,36000,0,15500,51500,2112000
1982,"South America",Earthquake,2,23,0,0,0,0,0
1982,"South America",Flood,8,729,923000,0,5000,928000,632100
1982,"South America",Landslide,2,230,30000,0,0,30000,0
1982,"South America",Storm,1,33,4000,300,0,4300,0
1983,Caribbean,Drought,1,0,75000,0,0,75000,0
1983,Caribbean,Flood,2,15,164536,39,0,164575,60000
1983,Caribbean,Storm,2,0,3000,0,0,3000,1450
1983,Caribbean,Wildfire,1,0,0,0,0,0,0
1983,"Central America",Drought,1,0,81000,0,0,81000,0
1983,"Central America",Earthquake,2,12,5475,60,0,5535,1000
1983,"Central America",Landslide,1,50,0,0,0,0,0
1983,"Central America",Storm,2,275,250000,0,32500,282500,0
1983,"Central America","Volcanic activity",1,0,3500,0,0,3500,0
1983,"Northern America",Earthquake,3,2,1500,53,0,1553,52250
1983,"Northern America","Extreme temperature ",1,188,0,0,0,0,0
1983,"Northern America",Flood,3,10,0,0,0,0,458000
1983,"Northern America",Storm,6,132,0,0,6000,6000,4655000
1983,"South America",Drought,5,20,23083049,0,0,23083049,917200
1983,"South America",Earthquake,3,264,36500,1224,0,37724,410900
1983,"South America","Extreme temperature ",1,17,2700,0,0,2700,0
1983,"South America",Flood,7,469,9510000,300,258000,9768300,2280400
1983,"South America",Landslide,4,709,700000,40,0,700040,988800
1983,"South America","Mass movement (dry)",1,160,0,0,0,0,0
1983,"South America",Storm,1,1,0,40,500,540,0
1984,Caribbean,Flood,1,0,0,0,100,100,0
1984,Caribbean,Storm,3,2,10000,0,0,10000,4115
1984,"Central America",Flood,3,1,21000,0,0,21000,0
1984,"Central America",Storm,1,4,10000,0,0,10000,0
1984,"Central America","Volcanic activity",1,0,3000,0,0,3000,0
1984,"Northern America",Drought,1,0,30000,0,0,30000,1000000
1984,"Northern America",Flood,3,28,0,0,5500,5500,65000
1984,"Northern America",Storm,11,1117,14000,657,0,14657,2222600
1984,"South America",Epidemic,1,300,0,0,0,0,0
1984,"South America",Flood,7,263,363000,0,31500,394500,2000000
1984,"South America",Landslide,2,37,12000,14,0,12014,3000
1984,"South America",Storm,3,137,203264,115,119994,323373,0
1985,Caribbean,Flood,3,512,3895,0,0,3895,0
1985,Caribbean,Landslide,1,100,0,0,0,0,0
1985,Caribbean,Storm,3,11,477661,0,22300,499961,5205
1985,"Central America",Earthquake,2,9500,2001500,30204,103500,2135204,4104000
1985,"Northern America",Flood,5,12,5550,0,0,5550,12500
1985,"Northern America",Storm,12,375,1000000,700,20800,1021500,5200600
1985,"Northern America",Wildfire,1,0,0,0,0,0,0
1985,"South America",Drought,1,0,0,0,0,0,651000
1985,"South America",Earthquake,3,186,1024792,2821,500300,1527913,1500000
1985,"South America",Flood,6,176,1775000,0,58475,1833475,1730000
1985,"South America",Landslide,2,150,0,0,4000,4000,0
1985,"South America","Mass movement (dry)",1,0,0,0,0,0,0
1985,"South America",Storm,1,22,0,1000,2000,3000,0
1985,"South America","Volcanic activity",1,21800,7700,5000,0,12700,1000000
1985,"South America",Wildfire,1,0,800,0,0,800,0
1986,Caribbean,Drought,1,0,0,0,0,0,0
1986,Caribbean,Flood,5,202,177642,670,13200,191512,76000
1986,Caribbean,Storm,2,12,2000,0,0,2000,0
1986,"Central America",Earthquake,2,1100,502500,20000,250000,772500,1500000
1986,"Central America",Flood,3,22,33500,0,2500,36000,350
1986,"Northern America",Earthquake,1,0,150,29,0,179,720
1986,"Northern America","Extreme temperature ",1,48,0,0,0,0,1750000
1986,"Northern America",Flood,4,13,6500,0,0,6500,55000
1986,"Northern America",Storm,4,1,2400,80,0,2480,71500
1986,"Northern America",Wildfire,2,0,2000,0,0,2000,0
1986,"South America",Earthquake,5,20,23150,130,8900,32180,28000
1986,"South America",Epidemic,1,0,34722,0,0,34722,0
1986,"South America",Flood,7,158,925953,0,119000,1044953,68400
1986,"South America",Landslide,4,301,0,0,366,366,0
1986,"South America",Storm,3,21,59790,16,0,59806,2500
1987,Caribbean,Flood,7,42,35760,150,0,35910,36500
1987,Caribbean,Storm,4,3,0,8,430,438,129000
1987,Caribbean,Wildfire,1,0,0,0,0,0,0
1987,"Central America",Drought,1,0,73000,0,0,73000,0
1987,"Central America",Earthquake,1,2,3000,50,0,3050,0
1987,"Central America",Flood,3,100,6500,27,200,6727,0
1987,"Central America","Volcanic activity",1,0,3000,35,0,3035,0
1987,"Central America",Wildfire,1,0,0,0,0,0,0
1987,"Northern America",Earthquake,2,8,2200,94,0,2294,217000
1987,"Northern America","Extreme temperature ",1,80,0,0,0,0,0
1987,"Northern America",Flood,2,1,0,0,0,0,185000
1987,"Northern America",Storm,10,177,3200,290,0,3490,519000
1987,"South America",Drought,1,0,750000,0,0,750000,0
1987,"South America",Earthquake,3,5007,0,118,155000,155118,1501000
1987,"South America",Flood,11,493,197164,598,81500,279262,239000
1987,"South America",Landslide,7,976,25000,2811,2040,29851,800
1987,"South America",Storm,1,1,1000,0,0,1000,10000
1987,"South America",Wildfire,1,0,152000,2,750,152752,100000
1988,Caribbean,Flood,9,50,1284850,13,200,1285063,440
1988,Caribbean,Storm,5,148,1740000,0,1500,1741500,2091286
1988,"Central America",Drought,1,0,0,0,0,0,0
1988,"Central America",Earthquake,2,5,500,0,1550,2050,0
1988,"Central America","Extreme temperature ",1,23,0,0,0,0,600
1988,"Central America",Flood,5,59,70260,0,3425,73685,9000
1988,"Central America",Landslide,1,22,0,0,0,0,0
1988,"Central America",Storm,7,476,526732,7790,87000,621522,846000
1988,"Northern America",Drought,2,0,0,0,0,0,810000
1988,"Northern America",Flood,4,2,0,0,0,0,15000
1988,"Northern America",Storm,18,27,0,0,0,0,0
1988,"South America",Drought,3,0,0,0,0,0,48400
1988,"South America",Epidemic,3,230,170,0,0,170,0
1988,"South America","Extreme temperature ",1,77,0,0,0,0,0
1988,"South America",Flood,9,904,7815480,2534,35000,7853014,1520000
1988,"South America",Landslide,1,80,5000,25,1000,6025,0
1988,"South America",Storm,2,37,100000,0,0,100000,50000
1988,"South America","Volcanic activity",2,0,3900,0,0,3900,0
1989,Caribbean,Flood,2,0,24930,0,0,24930,0
1989,Caribbean,Landslide,1,0,0,60,1000,1060,0
1989,Caribbean,Storm,11,30,12210,124,32830,45164,507800
1989,"Central America",Earthquake,1,3,0,350,0,350,0
1989,"Central America",Flood,3,60,0,0,0,0,0
1989,"Central America","Mass movement (dry)",1,10,0,0,0,0,0
1989,"Central America",Wildfire,1,0,0,0,0,0,83200
1989,"Northern America",Earthquake,2,67,300,3757,15,4072,5600000
1989,"Northern America","Extreme temperature ",1,84,0,0,0,0,0
1989,"Northern America",Storm,18,108,0,100,25000,25100,7880000
1989,"Northern America",Wildfire,1,1,25000,0,0,25000,4200000
1989,"South America",Earthquake,1,0,0,0,2000,2000,0
1989,"South America",Epidemic,2,104,97,0,0,97,0
1989,"South America",Flood,9,247,730000,0,334444,1064444,15000
1989,"South America",Landslide,3,130,78000,0,0,78000,0
1989,"South America",Storm,1,36,45000,0,0,45000,0
1990,Caribbean,Epidemic,1,0,300,0,0,300,0
1990,Caribbean,Flood,2,4,5000,0,6000,11000,0
1990,Caribbean,Storm,10,8,3500,0,0,3500,0
1990,"Central America",Earthquake,3,1,300,309,14000,14609,19500
1990,"Central America",Epidemic,1,200,0,0,0,0,0
1990,"Central America","Extreme temperature ",2,380,0,0,0,0,2250
1990,"Central America",Flood,4,54,166211,100,6000,172311,146200
1990,"Central America",Storm,1,38,0,0,0,0,90700
1990,"Northern America",Earthquake,2,0,120,30,0,150,12700
1990,"Northern America",Epidemic,1,3,50,0,0,50,0
1990,"Northern America","Extreme temperature ",2,11,0,0,0,0,40000
1990,"Northern America",Flood,5,46,3350,0,0,3350,53500
1990,"Northern America",Storm,15,162,10668,0,0,10668,635000
1990,"South America",Drought,2,0,2483160,0,0,2483160,36000
1990,"South America",Earthquake,2,204,76500,810,30000,107310,1000
1990,"South America",Epidemic,1,74,9506,0,0,9506,0
1990,"South America",Flood,12,116,43025,0,2500,45525,0
1990,"South America",Landslide,1,33,0,0,0,0,0
1990,"South America","Volcanic activity",1,0,4000,0,0,4000,0
1991,Caribbean,Flood,2,25,550000,0,1340,551340,30000
1991,"Central America",Earthquake,6,91,40770,885,12900,54555,100000
1991,"Central America",Epidemic,5,432,39863,0,0,39863,0
1991,"Central America",Flood,4,36,185000,82,64000,249082,2000
1991,"Central America","Mass movement (dry)",1,23,0,0,0,0,0
1991,"Central America",Storm,1,13,9800,0,200,10000,0
1991,"Central America","Volcanic activity",1,0,0,0,0,0,0
1991,"Central America",Wildfire,1,0,0,0,0,0,80000
1991,"Northern America",Drought,2,0,0,0,0,0,1335000
1991,"Northern America",Earthquake,1,2,0,100,0,100,33500
1991,"Northern America",Epidemic,1,18,171,0,0,171,0
1991,"Northern America",Flood,14,15,0,0,0,0,850000
1991,"Northern America",Storm,18,87,2900,100,0,3000,3060000
1991,"Northern America",Wildfire,2,28,0,0,300,300,2500000
1991,"South America",Drought,1,0,0,0,0,0,200000
1991,"South America",Earthquake,3,66,47070,787,295,48152,0
1991,"South America",Epidemic,8,10963,266808,79725,0,346533,0
1991,"South America","Extreme temperature ",1,25,0,0,0,0,0
1991,"South America",Flood,2,20,18500,0,0,18500,2000
1991,"South America","Insect infestation",1,0,2000,0,0,2000,0
1991,"South America",Landslide,5,270,65117,140,18271,83528,6400
1991,"South America","Volcanic activity",2,0,124000,0,2400,126400,15000
1991,"South America",Wildfire,1,0,0,0,0,0,0
1992,Caribbean,Drought,1,0,1000000,0,0,1000000,0
1992,Caribbean,Earthquake,1,0,5829,40,0,5869,0
1992,Caribbean,Epidemic,1,20,0,0,0,0,0
1992,Caribbean,Flood,3,21,9927,0,0,9927,202590
1992,Caribbean,Storm,1,4,0,0,1700,1700,250000
1992,"Central America",Earthquake,1,179,5690,489,0,6179,25000
1992,"Central America",Epidemic,3,263,350,0,0,350,0
1992,"Central America","Extreme temperature ",2,80,0,0,16000,16000,78000
1992,"Central America",Flood,1,2,8000,0,0,8000,0
1992,"Central America",Storm,2,15,10000,50,0,10050,13000
1992,"Central America","Volcanic activity",2,1,305000,75,0,305075,0
1992,"Central America",Wildfire,1,0,1200,0,0,1200,0
1992,"Northern America",Earthquake,3,1,0,426,0,426,275000
1992,"Northern America",Epidemic,1,17,0,0,0,0,0
1992,"Northern America","Extreme temperature ",1,0,0,0,0,0,2000000
1992,"Northern America",Storm,27,95,45000,55,250000,295055,34500000
1992,"Northern America",Wildfire,3,0,450,0,540,990,295000
1992,"South America",Drought,1,0,1100000,0,0,1100000,250000
1992,"South America",Earthquake,1,11,0,135,1500,1635,0
1992,"South America",Epidemic,4,989,3883,0,0,3883,0
1992,"South America",Flood,12,178,370998,320,209574,580892,755800
1992,"South America",Landslide,2,79,0,160,500,660,400000
1992,"South America",Storm,2,0,0,0,38000,38000,0
1992,"South America",Wildfire,1,0,0,0,0,0,120000
1993,Caribbean,Drought,2,0,0,0,0,0,0
1993,Caribbean,Epidemic,1,0,49358,0,0,49358,0
1993,Caribbean,Flood,7,103,569290,0,32092,601382,151070
1993,Caribbean,Storm,3,7,149680,105,3000,152785,1000057
1993,"Central America",Earthquake,2,3,200,40,0,240,0
1993,"Central America",Flood,5,487,345947,1,36240,382188,209700
1993,"Central America",Landslide,1,22,0,0,0,0,0
1993,"Central America",Storm,6,75,177000,0,23000,200000,1672500
1993,"Northern America",Earthquake,1,2,3000,0,0,3000,7500
1993,"Northern America",Epidemic,1,100,403000,0,0,403000,0
1993,"Northern America","Extreme temperature ",1,48,0,0,0,0,0
1993,"Northern America",Flood,7,98,44100,0,0,44100,12290000
1993,"Northern America",Storm,20,291,0,300,300,600,5125000
1993,"Northern America",Wildfire,1,3,0,130,0,130,1000000
1993,"South America",Earthquake,2,8,3131,85,0,3216,0
1993,"South America",Flood,6,252,300993,91,1475,302559,1126000
1993,"South America",Landslide,4,470,76078,68,0,76146,500000
1993,"South America","Mass movement (dry)",1,75,2250,36,125,2411,0
1993,"South America",Storm,3,115,6000,400,9500,15900,54500
1993,"South America","Volcanic activity",2,16,350,6,0,356,0
1993,"South America",Wildfire,1,0,0,0,0,0,0
1994,Caribbean,Drought,1,0,0,0,0,0,2000
1994,Caribbean,Flood,1,12,38600,0,0,38600,0
1994,Caribbean,Storm,4,1132,1568338,0,129970,1698308,152968
1994,"Central America",Drought,5,0,75000,0,0,75000,38000
1994,"Central America",Flood,4,163,2600,0,16056,18656,3000
1994,"Central America","Volcanic activity",2,0,75700,0,0,75700,0
1994,"Northern America",Earthquake,2,60,225,7000,20000,27225,30002100
1994,"Northern America",Flood,1,37,14000,70,0,14070,700000
1994,"Northern America",Landslide,1,0,125,0,0,125,0
1994,"Northern America",Storm,11,165,21600,454,1000,23054,853000
1994,"Northern America",Wildfire,4,13,4400,2,30,4432,2000
1994,"South America",Drought,2,0,50000,0,0,50000,0
1994,"South America",Earthquake,2,276,12461,158,24797,37416,2400
1994,"South America","Extreme temperature ",1,0,0,0,0,0,475000
1994,"South America",Flood,6,148,98519,180,20400,119099,50000
1994,"South America",Landslide,2,18,165000,18,500,165518,0
1994,"South America",Storm,2,0,0,0,2000,2000,91000
1994,"South America",Wildfire,2,24,0,0,0,0,0
1995,Caribbean,Epidemic,1,2,1252,0,0,1252,0
1995,Caribbean,Flood,1,0,33180,0,0,33180,0
1995,Caribbean,Storm,19,27,140260,199,21037,161496,3220400
1995,Caribbean,"Volcanic activity",1,0,5000,0,0,5000,0
1995,"Central America",Drought,1,0,0,0,0,0,100000
1995,"Central America",Earthquake,3,64,54735,125,12275,67135,21100
1995,"Central America",Epidemic,8,45,55537,0,0,55537,0
1995,"Central America","Extreme temperature ",1,49,0,0,0,0,0
1995,"Central America",Flood,5,54,36700,55,280,37035,11500
1995,"Central America",Storm,8,226,39147,22,50800,89969,2431000
1995,"Central America","Volcanic activity",1,0,12000,0,0,12000,722
1995,"Northern America","Extreme temperature ",2,710,0,0,0,0,0
1995,"Northern America",Flood,7,19,120900,0,0,120900,3318300
1995,"Northern America",Storm,11,152,84000,160,2000,86160,13745000
1995,"Northern America",Wildfire,2,0,6500,0,0,6500,89500
1995,"South America",Earthquake,6,61,16082,417,4425,20924,1660
1995,"South America",Epidemic,3,2,148618,0,0,148618,0
1995,"South America","Extreme temperature ",2,2,35000,0,0,35000,10000
1995,"South America",Flood,9,207,277500,0,119800,397300,3000
1995,"South America","Insect infestation",1,0,0,0,0,0,104000
1995,"South America",Landslide,4,165,0,0,2000,2000,0
1995,"South America",Storm,1,6,6000,0,0,6000,0
1996,Caribbean,Flood,6,24,11106,0,1000,12106,0
1996,Caribbean,Landslide,1,0,175,0,0,175,0
1996,Caribbean,Storm,8,108,352310,3,67596,419909,518110
1996,Caribbean,"Volcanic activity",1,0,4000,0,0,4000,0
1996,"Central America",Drought,1,0,0,0,0,0,1200000
1996,"Central America",Flood,3,13,104000,0,0,104000,281000
1996,"Central America",Storm,12,127,727724,80,18750,746554,212120
1996,"Central America","Volcanic activity",1,0,743,0,0,743,0
1996,"Northern America",Flood,5,82,243115,0,12000,255115,3449600
1996,"Northern America",Storm,10,287,4000,131,0,4131,3400100
1996,"Northern America",Wildfire,2,1,0,50,0,50,8500
1996,"South America",Earthquake,3,48,70355,767,36305,107427,7000
1996,"South America",Epidemic,1,62,3000,0,0,3000,0
1996,"South America",Flood,7,27,243000,0,103700,346700,0
1996,"South America",Landslide,5,216,7000,105,110,7215,0
1997,Caribbean,Earthquake,1,0,0,2,15,17,25000
1997,Caribbean,Epidemic,1,3,823,0,0,823,0
1997,Caribbean,Flood,1,0,35000,0,0,35000,0
1997,Caribbean,"Volcanic activity",2,32,4000,0,200,4200,8000
1997,"Central America",Drought,2,0,290000,0,0,290000,2000
1997,"Central America",Earthquake,2,1,17000,0,0,17000,0
1997,"Central America","Extreme temperature ",2,292,0,0,0,0,4000
1997,"Central America",Landslide,1,12,0,0,0,0,0
1997,"Central America",Storm,4,246,754555,200,52000,806755,447800
1997,"Central America","Volcanic activity",1,20,0,0,0,0,0
1997,"Northern America",Flood,9,76,219950,24,400,220374,7465000
1997,"Northern America",Storm,24,181,4670,222,0,4892,2252000
1997,"Northern America",Wildfire,3,0,2600,0,0,2600,2500
1997,"South America",Drought,2,0,641200,0,0,641200,29000
1997,"South America",Earthquake,2,88,40000,781,16500,57281,129000
1997,"South America",Epidemic,4,19,26808,0,0,26808,0
1997,"South America",Flood,12,418,405207,291,93009,498507,528087
1997,"South America",Landslide,1,300,30000,0,0,30000,0
1997,"South America",Storm,6,559,582850,883,500,584233,12000
1997,"South America",Wildfire,2,10,1300,0,0,1300,0
1998,Caribbean,Drought,1,0,820000,0,0,820000,180000
1998,Caribbean,Storm,8,550,1024000,649,122000,1146649,6516500
1998,"Central America",Drought,2,0,0,0,0,0,193000
1998,"Central America",Earthquake,1,0,225,3,10,238,0
1998,"Central America",Epidemic,8,41,8823,0,0,8823,0
1998,"Central America","Extreme temperature ",1,100,0,0,0,0,0
1998,"Central America",Flood,2,432,30000,0,0,30000,602700
1998,"Central America",Landslide,2,63,0,8,120,128,0
1998,"Central America",Storm,11,19066,3245660,12228,1700,3259588,6009590
1998,"Central America","Volcanic activity",3,0,1808,0,0,1808,0
1998,"Central America",Wildfire,1,50,0,0,0,0,8000
1998,"Northern America","Extreme temperature ",1,130,0,0,0,0,4275000
1998,"Northern America",Flood,8,34,35100,0,5000,40100,1062000
1998,"Northern America",Storm,21,231,153547,495,1579,155621,11553450
1998,"Northern America",Wildfire,5,2,49032,124,65,49221,281100
1998,"South America",Drought,2,0,10100000,0,0,10100000,122000
1998,"South America",Earthquake,2,98,12350,90,7650,20090,0
1998,"South America",Epidemic,9,47,248279,0,0,248279,0
1998,"South America",Flood,8,88,406300,0,10500,416800,1111000
1998,"South America",Landslide,4,209,2600,30,0,2630,0
1998,"South America",Storm,1,0,4000,0,0,4000,0
1998,"South America",Wildfire,2,1,12000,0,0,12000,36000
1999,Caribbean,Epidemic,1,16,0,0,0,0,0
1999,Caribbean,Flood,1,13,0,0,50,50,0
1999,Caribbean,Storm,14,15,235307,67,29627,265001,826950
1999,Caribbean,Wildfire,1,0,0,0,0,0,0
1999,"Central America",Drought,1,0,65000,0,0,65000,100000
1999,"Central America",Earthquake,4,48,137705,455,35,138195,391600
1999,"Central America","Extreme temperature ",1,15,0,0,0,0,0
1999,"Central America",Flood,11,728,1145805,161,104861,1250827,456800
1999,"Central America",Storm,1,9,2000,0,2000,4000,0
1999,"Central America","Volcanic activity",3,0,6345,0,0,6345,0
1999,"Central America",Wildfire,1,0,0,0,0,0,0
1999,"Northern America",Drought,1,0,0,0,0,0,1100000
1999,"Northern America","Extreme temperature ",1,257,0,0,0,0,1000000
1999,"Northern America",Flood,1,0,100,0,0,100,300
1999,"Northern America",Storm,18,234,3054951,929,7190,3063070,12600600
1999,"Northern America",Wildfire,4,1,2300,0,219,2519,92000
1999,"South America",Drought,2,12,40000,0,0,40000,250000
1999,"South America",Earthquake,3,1187,752000,8643,453420,1214063,1857366
1999,"South America",Epidemic,3,36,2576,0,0,2576,0
1999,"South America",Flood,10,30127,758547,4308,424838,1187693,3160003
1999,"South America",Landslide,4,112,200,9,4400,4609,0
1999,"South America",Storm,2,3,0,0,1000,1000,500
1999,"South America","Volcanic activity",1,0,22000,0,2200,24200,0
1999,"South America",Wildfire,4,3,3500,0,3800,7300,280000
2000,Caribbean,Drought,2,0,0,0,0,0,6000
2000,Caribbean,Flood,3,18,675,0,1200,1875,0
2000,"Central America",Drought,2,0,1125,0,0,1125,0
2000,"Central America",Earthquake,2,7,1785,43,5650,7478,0
2000,"Central America",Epidemic,1,24,211,0,0,211,0
2000,"Central America","Extreme temperature ",1,66,0,0,0,0,0
2000,"Central America",Flood,8,178,10600,36,1250,11886,1300
2000,"Central America",Landslide,1,7,200,0,0,200,0
2000,"Central America",Storm,6,48,94910,570,0,95480,279460
2000,"Central America","Volcanic activity",2,0,41800,0,0,41800,0
2000,"Central America",Wildfire,1,0,0,0,0,0,0
2000,"Northern America",Drought,2,0,0,0,0,0,1100000
2000,"Northern America",Earthquake,1,0,25000,70,104,25174,50000
2000,"Northern America","Extreme temperature ",1,35,0,0,0,0,0
2000,"Northern America",Flood,8,8,1646,0,2000,3646,286000
2000,"Northern America",Storm,12,59,19218,457,4285,23960,1868600
2000,"Northern America",Wildfire,7,14,35400,2,685,36087,2500000
2000,"South America",Drought,1,0,20000,0,0,20000,0
2000,"South America",Earthquake,1,2,430,0,0,430,0
2000,"South America",Epidemic,2,8,100220,0,0,100220,0
2000,"South America","Extreme temperature ",6,43,25977,0,0,25977,10000
2000,"South America",Flood,20,291,297266,86,127251,424603,330000
2000,"South America","Insect infestation",1,0,0,0,0,0,0
2000,"South America",Landslide,5,125,150,60,143180,143390,75000
2000,"South America",Storm,3,1,0,0,530,530,0
2000,"South America",Wildfire,1,8,0,0,0,0,0
2001,Caribbean,Flood,2,28,14370,11,180,14561,146000
2001,Caribbean,Storm,7,12,5900175,12,200,5900387,515517
2001,"Central America",Drought,4,41,896596,0,0,896596,36400
2001,"Central America",Earthquake,3,1165,1582578,8124,0,1590702,1848550
2001,"Central America","Extreme temperature ",1,0,1850,0,0,1850,0
2001,"Central America",Flood,4,21,2437,0,775,3212,0
2001,"Central America",Storm,11,80,117952,11,26070,144033,658100
2001,"Northern America",Earthquake,1,1,0,400,0,400,2000000
2001,"Northern America",Epidemic,1,1,399,0,0,399,0
2001,"Northern America","Extreme temperature ",1,56,0,0,0,0,0
2001,"Northern America",Flood,5,12,19300,0,4500,23800,33000
2001,"Northern America",Storm,18,93,109404,251,71428,181083,6328800
2001,"Northern America",Wildfire,4,2,1329,10,0,1339,0
2001,"South America",Drought,1,0,1000000,0,0,1000000,0
2001,"South America",Earthquake,3,151,226500,2733,124865,354098,300000
2001,"South America","Extreme temperature ",2,23,3000,5,0,3005,0
2001,"South America",Flood,18,204,709345,236,9414,718995,924900
2001,"South America",Landslide,3,114,0,32,150,182,0
2001,"South America",Storm,5,40,2500,350,13300,16150,15000
2001,"South America","Volcanic activity",1,0,22770,0,0,22770,10975
2001,"South America",Wildfire,2,0,0,0,0,0,0
2002,Caribbean,Flood,4,43,100085,4,0,100089,21500
2002,Caribbean,Storm,9,15,326020,0,2000,328020,59730
2002,"Central America",Drought,2,0,82000,0,0,82000,210000
2002,"Central America",Epidemic,4,15,9144,0,0,9144,0
2002,"Central America","Extreme temperature ",1,50,0,0,0,0,0
2002,"Central America",Flood,12,64,238927,40,4648,243615,101550
2002,"Central America",Landslide,1,68,0,14,460,474,0
2002,"Central America",Storm,6,20,511600,230,0,511830,841100
2002,"Central America","Volcanic activity",2,0,300,0,0,300,0
2002,"Central America",Wildfire,1,0,16000,0,0,16000,0
2002,"Northern America",Drought,1,0,0,0,0,0,3300000
2002,"Northern America",Epidemic,3,216,3763,0,0,3763,0
2002,"Northern America","Extreme temperature ",1,14,0,0,0,0,0
2002,"Northern America",Flood,5,26,145750,0,0,145750,1013000
2002,"Northern America",Storm,15,339,18150,402,432,18984,6275000
2002,"Northern America",Wildfire,9,0,4100,11,2977,7088,232100
2002,"South America",Drought,2,0,21500,0,0,21500,0
2002,"South America",Earthquake,1,0,500,27,200,727,0
2002,"South America",Epidemic,2,57,317830,0,0,317830,0
2002,"South America","Extreme temperature ",2,0,25200,0,0,25200,0
2002,"South America",Flood,20,243,494762,179,7027,501968,319000
2002,"South America",Landslide,3,157,0,0,3500,3500,11000
2002,"South America","Mass movement (dry)",1,60,0,0,0,0,0
2002,"South America",Storm,5,84,105067,0,12700,117767,25000
2002,"South America","Volcanic activity",2,0,149650,0,0,149650,0
2002,"South America",Wildfire,2,0,0,0,0,0,80000
2003,Caribbean,Drought,1,0,35000,0,0,35000,0
2003,Caribbean,Earthquake,1,3,2000,15,0,2015,0
2003,Caribbean,Epidemic,1,40,200,0,0,200,0
2003,Caribbean,Flood,7,74,218465,73,12320,230858,44720
2003,Caribbean,Storm,3,34,10000,5,250,10255,0
2003,"Central America",Earthquake,4,33,178590,1223,340,180153,116300
2003,"Central America",Epidemic,1,304,50000,0,0,50000,0
2003,"Central America","Extreme temperature ",1,21,0,0,0,0,0
2003,"Central America",Flood,7,17,57400,55,3000,60455,20000
2003,"Central America",Landslide,2,32,420,0,0,420,0
2003,"Central America",Storm,2,4,9000,0,0,9000,100000
2003,"Central America",Wildfire,2,0,0,0,0,0,0
2003,"Northern America",Earthquake,1,2,0,40,120,160,200000
2003,"Northern America",Epidemic,2,43,237,0,0,237,0
2003,"Northern America",Flood,8,28,5670,0,0,5670,158000
2003,"Northern America",Landslide,1,15,0,15,0,15,0
2003,"Northern America",Storm,15,162,228195,367,15231,243793,15563600
2003,"Northern America","Volcanic activity",1,0,0,0,0,0,0
2003,"Northern America",Wildfire,4,19,27000,144,750,27894,4045000
2003,"South America",Drought,1,0,0,0,0,0,120000
2003,"South America","Extreme temperature ",1,339,1839888,0,0,1839888,0
2003,"South America",Flood,19,433,352555,669,221560,574784,1332210
2003,"South America",Landslide,3,106,1390,32,360,1782,0
2003,"South America",Storm,1,12,900,0,0,900,0
2003,"South America","Volcanic activity",1,0,25000,0,0,25000,0
2003,"South America",Wildfire,1,0,0,0,285,285,0
2004,Caribbean,Drought,1,0,0,0,0,0,3139
2004,Caribbean,Earthquake,2,1,200,13,40,253,0
2004,Caribbean,Flood,3,3353,39040,153,2092,41285,0
2004,Caribbean,Landslide,1,2,1200,0,0,1200,0
2004,Caribbean,Storm,23,2849,947301,2644,58928,1008873,8428580
2004,"Central America",Drought,1,0,137500,0,0,137500,0
2004,"Central America",Earthquake,1,8,255,0,25,280,0
2004,"Central America","Extreme temperature ",1,14,0,0,0,0,0
2004,"Central America",Flood,7,56,29854,40,0,29894,3600
2004,"Central America",Landslide,1,29,5751,18,0,5769,0
2004,"Central America",Storm,2,20,200,0,0,200,0
2004,"Northern America","Extreme temperature ",1,3,0,0,0,0,0
2004,"Northern America",Flood,6,1,6340,0,0,6340,705500
2004,"Northern America",Storm,17,215,5079184,57,753,5079994,55286500
2004,"Northern America",Wildfire,3,0,15200,5,282,15487,0
2004,"South America",Drought,3,0,55000,0,0,55000,1650000
2004,"South America",Earthquake,2,1,8016,22,500,8538,0
2004,"South America","Extreme temperature ",6,95,339467,1800000,0,2139467,0
2004,"South America",Flood,9,193,557162,181,6200,563543,370
2004,"South America",Landslide,1,11,0,6,70,76,0
2004,"South America",Storm,2,9,151645,65,80,151790,350000
2005,Caribbean,Flood,4,20,15528,5,0,15533,0
2005,Caribbean,Storm,15,108,2642816,53,185,2643054,2185000
2005,Caribbean,Wildfire,1,0,0,0,0,0,0
2005,"Central America",Earthquake,1,1,750,1,0,751,0
2005,"Central America",Flood,10,105,26330,0,800,27130,32000
2005,"Central America",Landslide,2,70,2500,35,0,2535,0
2005,"Central America",Storm,16,1693,3329463,386,305763,3635612,9389500
2005,"Central America","Volcanic activity",1,2,2000,0,0,2000,0
2005,"Northern America","Extreme temperature ",1,33,0,31,0,31,0
2005,"Northern America",Flood,8,57,23850,8,0,23858,1087330
2005,"Northern America",Storm,9,1882,830465,8,132,830605,158230000
2005,"Northern America",Wildfire,3,5,0,0,1410,1410,100000
2005,"South America",Drought,2,0,52990,0,0,52990,0
2005,"South America",Earthquake,3,16,29909,241,0,30150,5050
2005,"South America",Flood,12,363,952179,408,12198,964785,526100
2005,"South America",Storm,5,65,3186,68,540,3794,0
2005,"South America","Volcanic activity",1,0,0,0,0,0,0
2005,"South America",Wildfire,1,0,3000,0,0,3000,0
2006,Caribbean,Epidemic,1,3,280,0,0,280,0
2006,Caribbean,Flood,4,14,31190,10,0,31200,0
2006,Caribbean,Storm,2,5,15260,8,0,15268,0
2006,Caribbean,"Volcanic activity",1,0,200,0,0,200,0
2006,"Central America",Earthquake,1,0,16470,0,0,16470,0
2006,"Central America","Extreme temperature ",3,12,0,0,0,0,0
2006,"Central America",Flood,4,15,6640,0,1290,7930,8000
2006,"Central America",Landslide,2,21,0,0,0,0,0
2006,"Central America",Storm,3,15,270700,0,0,270700,2700
2006,"Central America",Wildfire,1,0,1436,0,0,1436,0
2006,"Northern America",Earthquake,1,0,3519,10,0,3529,150000
2006,"Northern America","Extreme temperature ",2,188,0,0,0,0,0
2006,"Northern America",Flood,16,41,77950,10,0,77960,1478500
2006,"Northern America",Storm,12,93,5405,258,0,5663,4727860
2006,"Northern America",Wildfire,3,5,0,18,267,285,66000
2006,"South America",Drought,1,0,0,0,0,0,0
2006,"South America",Epidemic,1,17,100000,0,0,100000,0
2006,"South America",Flood,12,232,696915,277,365,697557,206800
2006,"South America","Volcanic activity",5,5,320250,13,0,320263,150000
2007,Caribbean,Earthquake,3,1,0,101,0,101,0
2007,Caribbean,Flood,7,73,126850,92,15849,142791,0
2007,Caribbean,Storm,16,277,496601,177,1448,498226,1622700
2007,"Central America",Earthquake,1,0,0,18,1865,1883,0
2007,"Central America",Flood,11,72,1721725,0,0,1721725,3080000
2007,"Central America",Landslide,1,16,0,0,0,0,0
2007,"Central America",Storm,9,209,407931,0,30000,437931,621426
2007,"Northern America",Drought,1,0,0,0,0,0,300000
2007,"Northern America",Flood,7,80,9270,40,0,9310,728000
2007,"Northern America",Storm,15,251,7700,417,200,8317,5820000
2007,"Northern America",Wildfire,3,8,650000,64,927,650991,2815000
2007,"South America",Drought,1,0,1000000,0,0,1000000,0
2007,"South America",Earthquake,5,606,682415,1532,0,683947,700000
2007,"South America",Epidemic,1,1,228,0,0,228,0
2007,"South America","Extreme temperature ",5,82,884572,0,0,884572,0
2007,"South America",Flood,14,431,3987697,351,17000,4005048,800000
2007,"South America",Landslide,1,0,5000,0,0,5000,0
2007,"South America","Volcanic activity",1,0,3000,0,0,3000,0
2007,"South America",Wildfire,1,8,125000,0,0,125000,30000
2008,Caribbean,Flood,1,0,20000,0,0,20000,0
2008,Caribbean,Storm,21,735,796905,107,30,797042,4138198
2008,"Central America",Flood,14,192,764168,12,0,764180,19697
2008,"Central America",Landslide,2,49,0,0,0,0,0
2008,"Central America",Storm,6,43,590000,0,0,590000,75000
2008,"Northern America",Earthquake,1,0,2100,3,0,2103,0
2008,"Northern America","Extreme temperature ",1,0,0,0,0,0,0
2008,"Northern America",Flood,6,44,11034900,148,0,11035048,10002000
2008,"Northern America",Storm,14,258,2300550,597,0,2301147,45760000
2008,"Northern America",Wildfire,2,1,55000,20,300,55320,2000000
2008,"South America",Drought,2,4,45500,0,0,45500,0
2008,"South America",Earthquake,1,11,0,54,1700,1754,10000
2008,"South America",Epidemic,6,158,175860,0,0,175860,0
2008,"South America",Flood,14,387,3990732,130,38557,4029419,2036000
2008,"South America",Landslide,1,27,0,16,0,16,0
2008,"South America","Mass movement (dry)",1,12,0,0,0,0,0
2008,"South America",Storm,3,3,54310,0,1600,55910,0
2008,"South America","Volcanic activity",5,16,30351,7,0,30358,0
2009,Caribbean,Epidemic,1,25,3270,0,0,3270,0
2009,Caribbean,Flood,5,28,17361,0,9910,27271,52403
2009,"Central America",Drought,3,0,2545000,0,0,2545000,27000
2009,"Central America",Earthquake,2,38,178527,227,0,178754,300000
2009,"Central America",Epidemic,4,22,60106,0,0,60106,0
2009,"Central America",Flood,9,28,162103,14,0,162117,0
2009,"Central America","Mass movement (dry)",1,36,2037,0,991,3028,0
2009,"Central America",Storm,4,279,206897,0,15000,221897,979000
2009,"Northern America","Extreme temperature ",1,58,0,0,0,0,1100000
2009,"Northern America",Flood,5,11,9200,60,900,10160,666000
2009,"Northern America",Storm,12,76,750,161,0,911,10890000
2009,"Northern America",Wildfire,2,2,0,29,426,455,100000
2009,"South America",Drought,4,0,307500,0,0,307500,1700
2009,"South America",Epidemic,4,37,153680,0,0,153680,0
2009,"South America","Extreme temperature ",1,274,0,24262,0,24262,0
2009,"South America",Flood,15,284,2252052,424,2700,2255176,600820
2009,"South America",Landslide,8,253,22140,32,743,22915,160000
2009,"South America",Storm,3,14,2550,88,450,3088,0
2010,Caribbean,Drought,4,0,0,0,0,0,0
2010,Caribbean,Earthquake,1,222570,3400000,300000,0,3700000,8000000
2010,Caribbean,Epidemic,4,7051,316067,277451,0,593518,0
2010,Caribbean,Flood,6,51,59285,2,0,59287,0
2010,Caribbean,Storm,8,56,287055,93,100,287248,188100
2010,"Central America",Earthquake,1,2,25000,232,0,25232,1150000
2010,"Central America",Epidemic,2,83,27395,0,0,27395,0
2010,"Central America",Flood,13,296,1139878,309,0,1140187,16000
2010,"Central America",Landslide,3,124,0,56,50640,50696,500000
2010,"Central America",Storm,16,261,980953,161,10798,991912,6660000
2010,"Central America","Volcanic activity",1,0,1800,0,0,1800,0
2010,"Northern America",Earthquake,1,0,600,30,0,630,12500
2010,"Northern America",Flood,3,20,1000,0,0,1000,0
2010,"Northern America",Storm,13,118,10700,241,0,10941,9150000
2010,"South America",Drought,3,0,124500,0,0,124500,114700
2010,"South America",Earthquake,1,562,1861222,10334,800000,2671556,30000000
2010,"South America",Epidemic,3,46,60939,0,0,60939,0
2010,"South America","Extreme temperature ",7,503,57750,0,0,57750,0
2010,"South America",Flood,11,882,3436732,866,13500,3451098,1972000
2010,"South America",Landslide,3,243,0,54,1000,1054,0
2010,"South America",Storm,1,8,0,0,0,0,0
2010,"South America","Volcanic activity",1,0,2500,0,0,2500,0
2010,"South America",Wildfire,2,31,200,0,300,500,0
2011,Caribbean,Epidemic,1,1,0,220,0,220,0
2011,Caribbean,Flood,4,40,15905,8,0,15913,0
2011,Caribbean,Storm,9,12,58144,4,1407,59555,570000
2011,"Central America",Drought,1,0,2500000,0,0,2500000,0
2011,"Central America",Earthquake,2,5,550,2,0,552,0
2011,"Central America","Extreme temperature ",2,3,122643,0,0,122643,500000
2011,"Central America",Flood,12,225,1538303,36,40000,1578339,1061913
2011,"Central America",Landslide,1,16,0,0,0,0,0
2011,"Central America",Storm,6,48,550450,0,0,550450,97700
2011,"Central America",Wildfire,1,0,0,0,0,0,0
2011,"Northern America",Drought,1,0,0,0,0,0,8000000
2011,"Northern America","Extreme temperature ",1,22,0,0,0,0,0
2011,"Northern America",Flood,5,22,27100,0,11000,38100,7400000
2011,"Northern America",Storm,16,764,370600,3613,15000,389213,43450000
2011,"Northern America",Wildfire,4,9,0,5,13100,13105,2883000
2011,"South America",Earthquake,1,1,870,106,1705,2681,0
2011,"South America",Epidemic,4,44,972216,0,0,972216,0
2011,"South America","Extreme temperature ",3,20,64390,0,0,64390,0
2011,"South America",Flood,18,1392,3589792,369,32000,3622161,3356000
2011,"South America",Landslide,3,47,4325,0,0,4325,0
2011,"South America",Storm,2,16,0,0,2000,2000,0
2011,"South America","Volcanic activity",2,0,6500,0,0,6500,104000
2011,"South America",Wildfire,2,1,400,0,1082,1482,200000
2012,Caribbean,Epidemic,3,217,31907,0,0,31907,0
2012,Caribbean,Flood,6,44,32394,0,11641,44035,0
2012,Caribbean,Storm,9,107,480361,27,108330,588718,270542
2012,"Central America",Drought,2,0,391485,0,0,391485,0
2012,"Central America",Earthquake,3,48,1367101,414,4000,1371515,575000
2012,"Central America",Flood,4,21,48439,32,0,48471,0
2012,"Central America",Storm,2,19,87000,0,0,87000,855000
2012,"Central America","Volcanic activity",1,0,10000,0,0,10000,0
2012,"Northern America",Drought,2,0,0,0,0,0,20000000
2012,"Northern America","Extreme temperature ",1,123,0,0,0,0,0
2012,"Northern America",Flood,2,2,1800,0,0,1800,208000
2012,"Northern America",Storm,21,190,89300,437,267,90004,78545000
2012,"Northern America",Wildfire,2,3,1809,0,1038,2847,800000
2012,"South America",Drought,2,0,5391900,0,0,5391900,1460000
2012,"South America",Earthquake,2,1,27188,159,1385,28732,100000
2012,"South America",Epidemic,3,22,50308,0,0,50308,0
2012,"South America","Extreme temperature ",1,252,30113,0,0,30113,0
2012,"South America",Flood,11,128,609120,88,16500,625708,373100
2012,"South America",Landslide,1,22,0,0,0,0,0
2012,"South America",Storm,3,24,32500,130,2000,34630,12000
2012,"South America",Wildfire,2,12,1875,70,0,1945,200000
2013,Caribbean,Flood,6,26,38096,37,33765,71898,153102
2013,"Central America",Drought,1,0,0,0,0,0,200000
2013,"Central America",Earthquake,1,1,520,52,0,572,0
2013,"Central America",Epidemic,4,41,49415,0,0,49415,0
2013,"Central America",Flood,2,40,14149,0,0,14149,0
2013,"Central America",Storm,4,210,172000,0,0,172000,5700000
2013,"Central America","Volcanic activity",1,0,63079,0,0,63079,0
2013,"Northern America","Extreme temperature ",2,29,0,0,0,0,0
2013,"Northern America",Flood,8,35,129325,0,5400,134725,7975000
2013,"Northern America",Storm,16,140,175889,985,600,177474,16010000
2013,"Northern America",Wildfire,5,22,111,17,2247,2375,706400
2013,"South America",Drought,3,0,418520,0,0,418520,0
2013,"South America",Earthquake,2,0,10697,44,300,11041,4000
2013,"South America",Epidemic,1,91,1171,0,0,1171,0
2013,"South America","Extreme temperature ",3,19,104944,0,5247,110191,1000000
2013,"South America",Flood,13,345,1357543,531,43200,1401274,1844000
2013,"South America",Landslide,3,43,0,29,0,29,0
2013,"South America",Storm,3,6,63800,76,0,63876,115000
2013,"South America","Volcanic activity",1,0,1040,0,0,1040,0
2014,Caribbean,Drought,2,0,1091545,0,0,1091545,0
2014,Caribbean,Epidemic,1,0,68111,0,0,68111,0
2014,Caribbean,Flood,3,14,30300,0,0,30300,0
2014,"Central America",Drought,3,0,2571555,0,0,2571555,100000
2014,"Central America",Earthquake,4,6,124075,540,9830,134445,3000
2014,"Central America",Epidemic,1,4,12783,0,0,12783,0
2014,"Central America","Extreme temperature ",1,0,8141,0,0,8141,0
2014,"Central America",Flood,5,13,83461,0,0,83461,1400
2014,"Central America",Storm,7,21,244000,135,0,244135,2539500
2014,"Northern America",Drought,1,0,0,0,0,0,2200000
2014,"Northern America",Earthquake,1,1,3000,250,0,3250,700000
2014,"Northern America","Extreme temperature ",2,21,0,0,0,0,2500000
2014,"Northern America",Flood,3,2,108900,4,0,108904,1819000
2014,"Northern America",Landslide,1,43,0,0,150,150,20000
2014,"Northern America",Storm,15,136,1734,51,30,1815,10170000
2014,"Northern America",Wildfire,1,2,429,0,0,429,100000
2014,"South America",Drought,2,0,27051180,0,0,27051180,5000000
2014,"South America",Earthquake,3,17,513987,22,0,514009,100000
2014,"South America","Extreme temperature ",1,505,109257,0,0,109257,0
2014,"South America",Flood,17,200,1138675,52,70200,1208927,270000
2014,"South America",Landslide,2,98,6950,0,4800,11750,200000
2014,"South America",Storm,2,11,0,25,2000,2025,0
2014,"South America",Wildfire,1,12,10500,500,0,11000,34000
2015,Caribbean,Flood,3,11,75939,0,100,76039,0
2015,"Central America",Drought,1,0,85000,0,0,85000,60000
2015,"Central America",Flood,1,0,9666,0,0,9666,0
2015,"Central America",Storm,3,34,22592,286,750,23628,0
2015,"Central America","Volcanic activity",1,0,18450,0,0,18450,0
2015,"Northern America",Flood,2,48,24000,0,0,24000,1000000
2015,"Northern America",Storm,9,95,0,69,0,69,3525000
2015,"South America",Earthquake,1,0,600,1,0,601,0
2015,"South America",Flood,7,217,435370,0,31379,466749,0
2015,"South America",Landslide,2,98,0,37,300,337,0
2015,"South America",Storm,2,10,14500,25,0,14525,0
2015,"South America","Volcanic activity",3,0,7600,0,0,7600,0
